{"_wandb":{"runtime":0},"_step":0,"train/batch_loss":2.316433906555176,"train/batch_accuracy":6.25,"train/learning_rate":0.0013194508914191844,"step":0,"_timestamp":1.750774847786388e+09,"_runtime":0.647965}