{"train/learning_rate":0.0001578664946110011,"step":0,"_timestamp":1.750774842664803e+09,"_wandb":{"runtime":1},"_runtime":1.007697,"_step":0,"train/batch_loss":2.3161489963531494,"train/batch_accuracy":6.25}