{"train/learning_rate":0.001394250893698965,"step":0,"_timestamp":1.750774853964579e+09,"_runtime":0.704317,"_step":0,"_wandb":{"runtime":0},"train/batch_loss":2.2893764972686768,"train/batch_accuracy":9.375}